128449,e3e12de5edfb51e2,16420456181932970466
128450,2176088150fdfd1d,2411124002006105373
128451,0a2dada92f154da4,733433256482262436
128452,d391517e345e0ffe,15245055816112148478
128453,8836422291566d65,9815105154135256421
128454,f4d0bb0198759e1d,17640805355937439261
128455,7640cd71f6ea6c76,8521036384342535286
128456,ec7a1a8ea7369d3b,17039961340102745403
128457,5fb94c5bbfb85869,6897628261236889705
128458,27ac5576a7505af7,2858753831574985463
128459,e470a372bf6a3cd0,16460836351272172752
128460,06dbb10bf61832c9,494183249058738889
128461,4a9fe68a0225bc4d,5377269960519564365
128462,661416d21b3ff051,7355529183058980945
128463,ceaa79074c77d8a6,14891848190108620966
128464,a08940e7a80a902b,11567848481578717227
128465,e86dc41dcf4fe017,16748258221571956759
128466,8e700db7df46ebb8,10263718634153503672
128467,d704f2bdf6f3251f,15493775515767219487
128468,0cecc75bb9437161,931338419723006305
128469,ce656824a4794357,14872407851048452951
128470,ee49efefb7ab0a40,17170518867184388672
128471,5d310afc77b49183,6715160598842478979
128472,b0e1f6855359847c,12745739472924673148
128473,211ac277708c8c8f,2385432770891254927
128474,d52aef8ebacce74b,15360352875398883147
128475,517fa151fe77bd73,5872589812648099187
128476,bcb94985ad47986b,13598981388308551787
128477,98c5e535ca735822,11008456883369629730
128478,5d1be4482bc10973,6709207068521335155
128479,cb8330e206df9805,14664618558984525829
128480,b2cfa905cce5106c,12884702901307773036
128481,d266a853e75a5c3b,15160990273906564155
128482,e643658e06512e0c,16592217112828784140
128483,d4f75a507de326fb,15345833557044176635
128484,e8f2fd2686b8a89b,16785757103074093211
128485,f993efe098ab7158,17983981484933607768
128486,a7f774050d4d16eb,12103270088628311787
128487,cfde8c4ce524964a,14978563672570631754
128488,1a4d6e0cba6fa716,1895292019139389206
128489,3cceaa3ed17f62f8,4381626674257552120
128490,611cc492800e9929,6997684054519617833
128491,b3012252cf6892b2,12898628546828210866
128492,7c255f2e189164b9,8945660886426674361
128493,6a4c0117380d1c3a,7659498265486629946
128494,a37f5707423b6995,11781230838912084373
128495,c260d43f77d5c751,14006428210180769617
128496,8eb9d20075997b7b,10284482123492064123
128497,b1864aacb5a26eda,12791993897234624218
128498,e9cb598e2d94e1b9,16846657298294432185
128499,064d06ab880d199a,454026471226022298
128500,d65e6ce32af1279e,15446903494861203358
128501,6219bd03c4d0fd20,7068888914019286304
128502,4c7c4206ed9c95c0,5511352641518343616
128503,019cafb19c07c6c2,116160867766617794
128504,7003c37c26726cfb,8071509895166455035
128505,bce975257d582cec,13612540152581205228
128506,6031d62b6099adc8,6931556783292526024
128507,7e4598d6d93df13e,9098846670707093822
128508,03981a41e93dab15,258985848962132757
128509,3fdb17056243e8e0,4601296756179986656
128510,58dddae850c456fb,6403514936513025787
128511,cbf3a87991824772,14696275249125803890
128512,f03af0d43014d7be,17310412911882327998
128513,19bbd079203726c7,1854304890243196615
128514,bc43592db0064745,13565784555331667781
128515,f9f7c874ccb30692,18012085638667634322
128516,b4b4edcb92d34ac8,13021293881232411336
128517,f3a6d985f9259992,17556959366784326034
128518,ed876a76a251633c,17115765966606787388
128519,68f7c989e36f9b25,7563735693255482149
128520,568d647d7ed3806c,6236751549139484780
128521,c4e449415a038a66,14187545271155788390
128522,55ab8199b6d7cd2e,6173170211438972206
128523,152af3f581017fab,1525299659575230379
128524,e607e94d39c362c0,16575473471451259584
128525,c98ec5883eb6a508,14523763037274809608
128526,b7abd26fcaf4fc92,13234903307546590354
128527,71a9575a7ec39e8f,8190173443535380111
128528,c03a75ecea439420,13851513264334410784
128529,a86c0660f203e372,12136082109303612274
128530,5c56a8458881e856,6653690516082911318
128531,60d9c64f40a35ad3,6978827141276457683
128532,a64e471cb88a6a62,11983593847160203874
128533,0e3e37045e107787,1026318256984586119
128534,1408ccf27fa76ca7,1443629022468074663
128535,1786f4563a00d283,1695310960929067651
128536,ce1b5cf55a834720,14851566405039638304
128537,10b7fd54a69e390d,1204709965359364365
128538,396cfe99501c5ec1,4137962092074131137
128539,26f22d05c4cbd8ac,2806355020605020332
128540,ae3b347ec82679f1,12554686105353878001
128541,203ed753da378202,2323531212913082882
128542,41e238b0f32d05d8,4747419289847137752
128543,701ea5a31b7983a9,8079076901508449193
128544,1c132d33e9254c05,2023010358597602309
128545,5087666d5607b618,5802719264670987800
128546,59c9904ed38daae9,6469861007925553897
128547,c2da423de5e9ec53,14040607621898693715
128548,194e4faa0aef63fd,1823482490878125053
128549,ee742f18321f9eee,17182410259291938542
128550,5379eb0c4b64705e,6015097215367016542
128551,6d37fe8ba0831079,7870038749500084345
128552,454b58e41612b7b7,4993182348516439991
128553,c9c18fd924980b6c,14538059234913291116
128554,740d0a19840d34e8,8362351187802797288
128555,154ef0e1b078ac60,1535429375098924128
128556,1204363edb4bd45c,1298222236184597596
128557,546a7276a5b97ec6,6082800100629380806
128558,312dccf294e4f63b,3543713824062633531
128559,d67e56cdb60bb1e0,15455886412704625120
128560,0fca9c97409e6425,1137894029302588453
128561,8de2538ce670dd68,10223825968711130472
128562,921392b5713a28d2,10525918062081353938
128563,764cdbf60540da5d,8524430044402080349
128564,f2e67219f5ac5801,17502802457643472897
128565,58431abba6f83ec0,6359956492039765696
128566,e26b413883617c1a,16315205786057931802
128567,6e58a58caeaee87a,7951287165767313530
128568,fe963b177d5284da,18344915104213140698
128569,ccedcb76ed2e75bc,14766682464863548860
128570,f10eeb4d8410b25f,17370079530975277663
128571,61259375127911f9,7000163326847685113
128572,67c9ebb091483945,7478767799809620293
128573,4971764a9d8093c0,5292141099979150272
128574,73563342f1092d9f,8310886524963597727
128575,c3de523e6a5540aa,14113808710251135146
128576,9474457f43b25693,10697251427810694803
128577,60ccacf918eec231,6975140108755190321
128578,9f552ab37c60497a,11481129775425145210
128579,bd3a6c0f76f4253c,13635329635493619004
128580,e9d37662079e4e75,16848940794329845365
128581,8837f111b1bc2aeb,9815578971175922411
128582,848ff08eb789d88c,9552117830431398028
128583,1a432500bad4ebed,1892396953490484205
128584,1f25c0276a12e89b,2244411264829941915
128585,a4c94dfe03dd8483,11874107645920904323
128586,722ab9ece8b29891,8226592096513071249
128587,138a08aeca14b959,1407947380314388825
128588,270ec6ca2a4a7e2c,2814405388748357164
128589,145aa2685012bda2,1466663197566221730
128590,e11e7b4c9c66e950,16221538476806826320
128591,295659965d4f3c4e,2978666705897602126
128592,ec467d9c27f22509,17025433550959289609
128593,00ea91d02d63c860,66025467851032672
128594,cd7751bcde2e047d,14805392171627054205
128595,4db45a7f4a43a4f8,5599199739481662712
128596,3ea836ad95ce54f3,4514918745609491699
128597,c4a9779974390207,14170989203461571079
128598,b417637b6942f84d,12976950232989497421
128599,e2dc72abe1f454a5,16347066830003917989
128600,e9c3a5e2b1554ffd,16844489424352137213
128601,39adf505477e7568,4156247434155947368
128602,6be657e4107f27b0,7774998443742668720
128603,2a75f2c832d8ff46,3059618463528582982
128604,35f9446bee82c2a6,3889214983564870310
128605,d70392e1dabad8e1,15493388641819613409
128606,ea5af63df4697ede,16887080498733088478
128607,ae7cc7400d6079b1,12573143337627842993
128608,68c50ee89458418d,7549456742440518029
128609,38dd66f27b01cdb1,4097544427608853937
128610,d5d638b0058eb82a,15408565503753369642
128611,c6d83a955fa59720,14328266627708458784
128612,bcc2acd16a01eb8d,13601623840038972301
128613,dbd3e88d9a99aa15,15840260009273960981
128614,f8f68252abf7b962,17939669457261017442
128615,68f31a0dd6bfe70f,7562416846024992527
128616,98d5e84fc78f0798,11012963893152515992
128617,bd0a88e4669457f1,13621850537490405361
128618,444713b5cb66448e,4919922789448041614
128619,c35cb02ce4a3cb78,14077320242114317176
128620,ee356e7e43328635,17164747043364832821
128621,dfeb97effd3c03d2,16135157146986480594
128622,1dbce23dda725597,2142836278007322007
128623,f7a04462bb42162c,17843336914481059372
128624,4d9095c35b065959,5589131803845089625
128625,9be87608e21f4291,11234359051001217681
128626,2af2202dde32912d,3094571275330425133
128627,dbc1cd88f4ad1c0e,15835163752915606542
128628,b9f4d85000070760,13399572629443512160
128629,10ab8b1d043c08bd,1201206682365724861
128630,84a21b065066e539,9557231073166288185
128631,9871bf07fecd0a72,10984771007193877106
128632,753a6122261aa7ab,8447170850382849963
128633,979d27d12ad93a17,10924932050391218711
128634,51c7d1dbc231c6f9,5892909379223668473
128635,d1e07e6c11ccb22f,15123226551330320943
128636,17bdbd6ab499e847,1710731699464824903
128637,2d475a66781b374b,3262675851201427275
128638,38809c83029bb1f4,4071426149641335284
128639,795e2d33c65adb5d,8745477226794507101
128640,eade1faecb50c1c2,16923999285300740546
128641,fdd548da264a2eed,18290605563417603821
128642,9aadca1e061170ed,11145786883111481581
128643,eba9a8d3c3169c71,16981289497441770609
128644,5ddbdad9394272e5,6763239891930346213
128645,01ff4e50431ddc8e,143919819729525902
128646,a7af2b4374f56650,12082923893983372880
128647,2b0587e03ffb35e0,3100033315730306528
128648,7f17e0e6917b0810,9158035648169052176
128649,ca722084d8d14191,14587757897951822225
128650,d165e1a160cb218e,15088714209804624270
128651,5de435706eb608b6,6765591297227360438
128652,20f548ebd52687d5,2374884556238391253
128653,32763f665f0280a1,3636163458061467809
128654,05596b740a61b305,385457389251441413
128655,a22fefed8dfef353,11686823361618309971
128656,7a86b66b7384dfb9,8828944692122279865
128657,3662a585b9ad5327,3918876619530130215
128658,43f6637460e2223d,4897210996304781885
128659,30591322d735a858,3483836827108223064
128660,e3ca9aa7782501ef,16414101835971101167
128661,b75529ee90096653,13210511186556708435
128662,118e0125a9445c33,1264949806602935347
128663,3ee2282a76557bb5,4531228337927191477
128664,eb9c69039fa6abb8,16977560159564245944
128665,3474a73b38cd2b40,3779829860068567872
128666,7744035bbb9cead7,8593997681454279383
128667,c3589ff861b5eacd,14076176524486503117
128668,884927dc31e0ad39,9820424289141173561
128669,8d0fc920456aec6c,10164564024439270508
128670,3c31858a3fcd3680,4337394744956892800
128671,46a6942226f295e0,5090919303192155616
128672,04500640c578bf47,310755249549262663
128673,6c24d5a94162a9c9,7792588178180975049
128674,0c08103120a6af52,866960731456057170
128675,0f27b4dbaa48651a,1092040290208343322
128676,51a8eda269ad95c9,5884214194973021641
128677,716c7d12aaf2d40c,8173044942901531660
128678,2b282d10a8e989fa,3109785092275931642
128679,4d23ccf64e2d3b3f,5558511723350932287
128680,730c174333836e89,8290026591476739721
128681,791bdac938d6c504,8726809260737348868
128682,b447d23c1eb66916,12990582805828626710
128683,b35d24f709825d0f,12924527149058252047
128684,97f96a5f08bcd8e8,10950900925329103080
128685,f91241bc3b01d249,17947479741724480073
128686,a9847f5b3a75637d,12215028119135150973
128687,e0b87a479ffa246c,16192826908255855724
128688,6a11e13fe47ee3d2,7643137707157152722
128689,cc4ea1b6c79c415f,14721882038325756255
128690,23528432b8b107d9,2545242092799592409
128691,42d92c264f792320,4816929819503174432
128692,3a0f5f7e5cf308fc,4183667575180429564
128693,884ec64832326a72,9822005850723740274
128694,b1d8e107ef7c63f8,12815240163881673720
128695,3e7547c88fcdcca6,4500582329358339238
128696,31f208f8d13a04b6,3598948916977599670
128697,ca46c58e59526d25,14575554459205791013
128698,67c6fefbccba12fa,7477944588720280314
128699,6f6176cc1aa69714,8025826629943465748
128700,a05aafa3b64d81cd,11554740911645491661
128701,adc6f5d7eadde79f,12521966121657427871
128702,6e73bd26cdb7c554,7958912940851578196
128703,4b90c4ae53bdaffa,5445068202499223546
128704,ff4e0e69414eb42a,18396657373085086762
128705,32809b917eb87660,3639079548113942112
128706,8ed672f369e26853,10292540388180912211
128707,791de9cb6cc8ad7e,8727388712826613118
128708,16b8bb7b130a74ea,1637264601823999210
128709,5001522c9a77cf4f,5764979349534527311
128710,99430229bf487b52,11043673089568701266
128711,0c9a39a5cc2df4a0,908101659126527136
128712,5e341f8661aa04a9,6788085200378791081
128713,20d3d284cc128e9d,2365465697100926621
128714,06a7766078c7b676,479482042053539446
128715,bb6bed14b8ad9db9,13505148580854078905
128716,4360a94130703e32,4855066495756025394
128717,b623867c6f41aa15,13124481608088398357
128718,ad6c5c89d2cece48,12496464813063327304
128719,d215b2cfd3869a58,15138202328152578648
128720,ca7f59323084bde2,14591479389800938978
128721,9b13141305256a67,11174297172359604839
128722,810658cdb41802e6,9297216121265980134
128723,6e42453d58e6b1d6,7944988822421811670
128724,19d0bf5c6b649a3d,1860197049763666493
128725,7c8cedabc4a1797a,8974809479436663162
128726,668045bbf67f2d5d,7385980062484344157
128727,9650dd6ce47f28fb,10831400563585788155
128728,71b4660c228b9382,8193285824398988162
128729,3be267eecc3cee11,4315125668300779025
128730,a25bb21fae9d7d68,11699140306168282472
128731,3aaef9a987b18bd8,4228591606668823512
128732,405f198cddb0f955,4638454234020378965
128733,fa8399adc0d4dde6,18051440702974647782
128734,72548d7b17dc1fff,8238365178188275711
128735,14b50ff654562498,1492116402194490520
128736,1eab0bff69909a13,2209873233771010579
128737,7678a26b003f376f,8536751674130118511
128738,c74ad93c98f9ece5,14360529216112028901
128739,6603b9deaebc5a66,7350923382864239206
128740,9fde0fa85dc49376,11519662112662393718
128741,cc66e30d6580f2f6,14728709278038815478
128742,7e9ad0c279b12305,9122833528876245765
128743,0991c2a994c1a71e,689546251565377310
128744,b81de7e9231b6b39,13267015065805744953
128745,b17ee53dffd99b6f,12789912046227004271
128746,50c2166e81e03231,5819238332397269553
128747,d629e05d7e399e8d,15432112290316000909
128748,0a578d2f2fd70626,745219497158706726
128749,a12d9fdf4bcc6c8e,11614114795456588942
128750,05913a6ccc6b7bb5,401166080773159861
128751,bde47e784b769715,13683200622985647893
128752,659f9070b2768f90,7322730332832567184
128753,85034d4d45e0a7ea,9584589426254718954
128754,76d5ec7ae99b76ec,8563010279164311276
128755,ac92ca9f4c6d1122,12435224306654187810
128756,d9b0b0e9e3cdd98e,15686232020727224718
128757,50e8a36bf25c6467,5830089401654076519
128758,50d9eedf2b3ddef0,5825950235251039984
128759,2ad821b75bfa858b,3087254615968351627
128760,af3e54d6aea32bf1,12627623686223113201
128761,d177a402ebe05817,15093713008609744919
128762,2ecc322f2519c30b,3372125399060955915
128763,08d3f7f519915e24,636124604457377316
128764,828b5b21695eccab,9406712445753281707
128765,c73e5f53f9a1d0ff,14357017476378775807
128766,9dd6e9f20aa02c24,11373535134740392996
128767,f0b03f032fd99d74,17343431447924022644
128768,3a5ba4b99bd8381c,4205135794171033628
128769,c86ca0121653f721,14442094104614795041
128770,694ffb5350f842b3,7588560232401879731
128771,b1bd600d9c31dba6,12807498526882913190
128772,403462fa33817f3e,4626431543961812798
128773,81e03418b1203563,9358537306331428195
128774,47ecfab73e9fdf99,5182792936133222297
128775,37f30ecaae2cd6ef,4031582355095082735
128776,ec7bc5dc7c666a34,17040431165856967220
128777,c7383ea242afc9ba,14355292678867896762
128778,425eb1754861ab60,4782454971597695840
128779,3a24dc28e7cbad6a,4189715621607091562
128780,cb1c904a469da054,14635731537733984340
128781,2d528409d7557a65,3265817857599306341
128782,4b4c651b3248de22,5425822818556763682
128783,d131edea54a11d93,15074091018483735955
128784,723a34cdf256560d,8230949328111687181
128785,d98f75cf818decb0,15676878361992228016
128786,f0887d44674642e7,17332240898679259879
128787,3276ebb206ed8155,3636352899001188693
128788,ed09395c9f2c8f6d,17080246131749588845
128789,66b2824658ebd4e3,7400120376374318307
128790,77d4965546dc5078,8634691678581313656
128791,398e49491065e4d1,4147332885011358929
128792,b6aebbe0559a9de7,13163665333033803239
128793,a4026dec11557047,11818129232844124231
128794,e9c52d4100faa031,16844919738461757489
128795,7ed558d40a7cddaf,9139308686550556079
128796,3d0ba71459551b3c,4398793166897355580
128797,ae261792178a5149,12548743327942070601
128798,a5e1c2b085336958,11953048949422778712
128799,c4c1d956373b612b,14177852066256085291
128800,9e2353c0fddddbc2,11395043570535488450
128801,b50436d0446660b6,13043610688900456630
128802,ab9787a0ae1f7e5f,12364500426154802783
128803,7bcc830886b810c2,8920649034557296834
128804,e9fc7a94709ecc5b,16860485882931498075
128805,0720c645a95baf4d,513628360016637773
128806,e7444e34228147f8,16664530507001841656
128807,722a07aac9b078ed,8226396099455252717
128808,8b67559c235281bb,10045091622969049531
128809,04ff71a9a20742f2,360131468594725618
128810,dce5408d36b2c5d6,15917199433263138262
128811,a280d76505fbecb4,11709595860055354548
128812,7ff1ed4ba07ebeaf,9219410821275106991
128813,625f3f13a464d78f,7088453692099450767
128814,010e7d4aa460e261,76136003250741857
128815,bc4f9259dd57cb98,13569225116953856920
128816,406dde535652d4d9,4642611240400770265
128817,f8ccec7469349181,17927964201380516225
128818,179d26989c3dd866,1701558671114098790
128819,7718f3c0f0db1964,8581877099954641252
128820,a1caaf4f26ee8927,11658323339892394279
128821,6308790f2f1e6cf2,7136086715690544370
128822,286a96c127894498,2912305865384608920
128823,7a8bbe76b67ba7b0,8830360911466964912
128824,89c4423fed904df0,9927132320967446000
128825,f3ad91c36c353a0c,17558850790707509772
128826,af29b4458b90bcb1,12621817641469787313
128827,75311f3552881556,8444565090174768470
128828,767329232923f13b,8535210949788037435
128829,2de521cab401c578,3307086655860622712
128830,fc2322b2baf18f27,18168403472778628903
128831,ffaeabb5f5dd1259,18423851923621614169
128832,a75c709d5ed87842,12059637723394766914
128833,cfa4a3eeb7798ba8,14962264107707370408
128834,53485d80fc6e820f,6001149312043483663
128835,0fc863031c5b435e,1137267770922845022
128836,23a9265ec21b4425,2569627250816926757
128837,33e217822855778d,3738576488460810125
128838,0a3de782d101e6a3,738000462996956835
128839,b45f13c48dd9ed2f,12997128784528928047
128840,32b88e3394eaf619,3654827449804060185
128841,4123a69aefa73ca5,4693778421026077861
128842,da04876b6f316a05,15709830295671892485
128843,a8484efd7d37706e,12126028847329538158
128844,ce665c25aa8786af,14872676136282195631
128845,50ba3230a151c5d3,5817017053148726739
128846,ceb690bf21551936,14895251968146872630
128847,e2a23f295a9584b3,16330684645644797107
128848,af7eefcea2977232,12645808474473067058
128849,cbfda66beb40b0f7,14699087741245763831
128850,e00a4b64175d4163,16143798707523764579
128851,514c87741232702c,5858206147893424172
128852,d96e9c1569e9016c,15667631769453658476
128853,ce0c4fcd37344274,14847329814346744436
128854,9241707d850af830,10538828287428982832
128855,1b3291838efac678,1959788782085129848
128856,c14627f3794469ee,13926862824354900462
128857,b52854793743653b,13053776399528322363
128858,2e052dcc3d4bddeb,3316107055853198827
128859,d9d91055377c2871,15697595934365722737
128860,d31991f8a7db5314,15211349713574646548
128861,e983d279d8ad3db7,16826524053554412983
128862,db13e0d5ee32ea16,15786208328292690454
128863,3709e5fdcce0d286,3965953825103204998
128864,567281f1ae440c8b,6229184109617613963
128865,0a1873be350ecad6,727458600591477462
128866,3c2e316fbddd696d,4336457847200901485
128867,1ff79bb0b26856ce,2303480917633029838
128868,4706056561bafd3e,5117783959542627646
128869,70500121d9a1682c,8092969775281563692
128870,dc246c0187324b55,15862922541324716885
128871,52aafa14e49c3e16,5956848424792636950
128872,fccfe33cd2102dd6,18217028868098764246
128873,f71cd7993a8420da,17806344079827804378
128874,b1fc971fd214698d,12825292001768663437
128875,ab978a9d2378c2f3,12364503709478601459
128876,093fd9797b82fd65,666490385660575077
128877,c913af10261872d2,14489116910074491602
128878,8762fae772c3662b,9755635614807713323
128879,ac45fc93aa7c1f8e,12413605659067293582
128880,6d266239c9fe0768,7865081799590676328
128881,0a3bf440a97a315e,737451522563649886
128882,a536288bb625ada1,11904747245521972641
128883,9194cceae34ef70d,10490234741260744461
128884,b47676ae2444d4f9,13003711464383763705
128885,b428837a25c727d1,12981770486538512337
128886,39d242c953703420,4166466037726852128
128887,fc14248d0828e207,18164183385237938695
128888,1e3c4d27b0113ab0,2178701152593459888
128889,34999ef3c3c55922,3790235331207715106
128890,f3fff9ee599a3797,17582046272378517399
128891,ef40c1e19db2aca9,17239992548331793577
128892,56bb763df5603f31,6249718916388503345
128893,ee28294e4a826c8f,17161011796329524367
128894,1a94aaf0afca28e9,1915343692257437929
128895,203b53380acf7826,2322541533004265510
128896,70f51ef510003cf6,8139445939426311414
128897,9f8a1164d07c6edf,11496020123508829919
128898,9b98dadb6fc63881,11211951908346804353
128899,2b864608645e98d4,3136271192367732948
128900,5537a8f054a5538b,6140562367108699019
128901,262a230175292113,2750049011630678291
128902,f54cda0dd5d9a364,17675742390479594340
128903,108a4ed7777e2a5d,1191851738722609757
128904,1df79f606bd96619,2159369782822528537
128905,75ef24c8922353d7,8498051465735263191
128906,5f4b75bdbd32c57e,6866711514639943038
128907,f3b5c4220e19f22a,17561157972545630762
128908,947a15ea9fca4d81,10698887962219400577
128909,225151b39efdcf47,2472847502311542599
128910,0ec1803e0048c7b2,1063271990817245106
128911,a7b9b82e9a573a80,12085893585322850944
128912,b5eeab4c0a49975a,13109603908400551770
128913,679cf00c95f3bc64,7466106219119492196
128914,a9065e1672c8fe7d,12179525692778151549
128915,d83a8b9c5a8e1111,15580919364492071185
128916,fd0648caeefb8278,18232340177886085752
128917,f4833dbe446ae278,17618994054604448376
128918,bbd18edb48033c7e,13533755427682204798
128919,4b4ebe4f81418472,5426483849708274802
128920,b4832710a59515e5,13007283101227095525
128921,802f8580f877801f,9236748149731065887
128922,55d5af22092f22ac,6185042223981077164
128923,860ca5766c56d39b,9659277228845224859
128924,e56ecb41969b9eeb,16532374764683763435
128925,efdff401bb50d724,17284802183146034980
128926,7224f6062cee4b32,8224969325869419314
128927,b9e497b482b2ab70,13394997993249352560
128928,ce95280b8012a6b0,14885848173201499824
128929,322cc32de48c6b73,3615479202747018099
128930,8bd9441261f77e67,10077160486961905255
128931,2628a1dfa9b171df,2749625554506445279
128932,2ff5e0e80bfbd7b8,3455915576314812344
128933,621fc95ec0502b58,7070591348785556312
128934,0e9f90a55e68b68e,1053719877755909774
128935,ada425dff2b20124,12512167308521767204
128936,e33cdf2358e3c070,16374207688120451184
128937,58093b86af139fe9,6343666999777009641
128938,41e51de3d31b4580,4748234246468617600
128939,1e9cb74b7c7b138a,2205839452343571338
128940,66e07015fbf2f325,7413048226375463717
128941,56370b279a938e86,6212446475705880198
128942,14d8f2a7c276c5fc,1502217278064084476
128943,a14ff79eaf3c7c78,11623781424183409784
128944,900e4e74eeb2d469,10380320455263442025
128945,1372781bf325240c,1401314495504393228
128946,132539d8fd77ec42,1379572464987139138
128947,e495cb88204bb81f,16471294997695281183
128948,02cda11dfa027f99,201994708422131609
128949,a1bad0e43aa6ab03,11653856664429701891
128950,59a20e552fa164cd,6458740574636827853
128951,22433331825bae17,2468873308462624279
128952,ad298b6c87ceb232,12477657540857868850
128953,dc7df181485b0b9b,15888120597999979419
128954,96bb59b84f66bf17,10861373574475071255
128955,e82778da4f549512,16728472219920143634
128956,079bb8a144320ff1,548234782429024241
128957,cb618f6997eb1a8b,14655152346123410059
128958,24637c1037961e44,2622075817153666628
128959,ff2ba90e6702910e,18386975782993039630
128960,f45388d949df2634,17605565835150042676
128961,40da6e362c80d4e4,4673168742304240868
128962,465023b739c85c9f,5066588850647227551
128963,dfccda40fd179a95,16126504338365848213
128964,6b9c88fe6f1dfd4a,7754223284792458570
128965,fb436d01d4043652,18105434781578966610
128966,8de5d89f9290337b,10224816708884902779
128967,42f4fc63a6e2efc5,4824758605752496069
128968,59a8c943bad01ebc,6460634958197169852
128969,a831b4b8642b2a42,12119666776278248002
128970,564123b86492a24b,6215288235616281163
128971,3d2a2b80dc0b8cab,4407383017783004331
128972,d9eb53f5cf5d71f0,15702736840968466928
128973,88b6ae37d627bd77,9851252789758901623
128974,16006045301ffa1a,1585372919110826522
128975,6f5fb8255c0e8853,8025335531595270227
128976,23d207337b634d72,2581133454131547506
128977,a4be602df7508978,11871031418334251384
128978,b243ef1c90354aec,12845373468148321004
128979,911d42bdd3d75bda,10456587292894518234
128980,7d225607137bc9dd,9016863992340793821
128981,309ddc478d9a72da,3503198285040612058
128982,967720f78c45d376,10842170875500155766
128983,8b2ffe57e7cb26c2,10029514548681844418
128984,6da304d15e96cf4e,7900163468619599694
128985,5c20f46ee6b29842,6638574607898155074
128986,a71d95312400651f,12041945016948516127
128987,1698f7ff1963730f,1628323940309103375
128988,171849faf92289cc,1664161404583840204
128989,4dee511ef129dcd6,5615514978714508502
128990,5f31d5c297484cc0,6859498739200445632
128991,861507230d4d1c58,9661636422721674328
128992,ec26d2890cd6bdca,17016519728133750218
128993,b5ccf6b0531920c3,13100116653282762947
128994,5570582b603122e3,6156517633936138979
128995,80b709efc39f4a39,9274892882976655929
128996,424be401dbf8d8a8,4777162526393161896
128997,b5cbeb238bb3899f,13099822479037401503
128998,0ace495a52e82914,778640437868505364
128999,78dc42ed67e37bb5,8708909366845340597
129000,595d374f1c132fed,6439363855122640877
129001,a3f922b92325861a,11815513275937162778
129002,e104f46dbed1cfa6,16214353310630662054
129003,a2c623e9e05cc4c3,11729101766931563715
129004,3fd15f87424d203c,4598561729059561532
129005,3e02dd73af83973c,4468377269240567612
129006,57d43c795beebad9,6328749868293470937
129007,e874c833018a5685,16750233035492447877
129008,3f7fe1fbc2dcbfa0,4575624217854001056
129009,fc7fb74a69fd5f06,18194462549833768710
129010,2fa254b65579f1da,3432399008104575450
129011,e58fd9bc472dd4c7,16541679359026386119
129012,36022ad797af0205,3891720133452694021
129013,924560265339cbbd,10539936220651834301
129014,72c09823efd27994,8268776195967056276
129015,e3c2c09e1892570a,16411891777341118218
129016,2a497877e21fab84,3047099079183018884
129017,92e0498291699c3e,10583539949454859326
129018,0ff1ebcc0fda3781,1148958641628002177
129019,ab2ff0eddfff41c3,12335342808847040963
129020,8b738650398ff36f,10048522872714949487
129021,d4465522cca461f0,15296006792361042416
129022,58b355c1cd47add9,6391546587029941721
129023,d7e839b207699035,15557748349542699061
129024,7a47cd41a0898f69,8811236877723602793
129025,d84693739ac9a363,15584305685289608035
129026,4c6ee20314056892,5507587897169373330
129027,092e255ac5e048f4,661507267067136244
129028,b1b0773524b065f7,12803864810746832375
129029,9242fceb76b408c5,10539264166239406277
129030,4ab86f9918dc3ed5,5384176057859194581
129031,27012f9f91e1f743,2810580004849710915
129032,c617bcf9675d456e,14274085323341120878
129033,0aa351d8962a05bd,766546352257238461
129034,88524368bfab389c,9822987854419802268
129035,77844474e3bdbb72,8612083656266988402
129036,afcf869d611fb684,12668492287313950340
129037,a4542ab94add1a4f,11841136295577197135
129038,e6de31b58260d84f,16635788729199417423
129039,e49e29f7886678da,16473650630089930970
129040,694c6fc91afce940,7587562381744335168
129041,1b253ada0bc2ca36,1956034321336945206
129042,50e44b3a9f3af164,5828866532875891044
129043,df011a86d28bc005,16069154111794954245
129044,3f8d76790e18a56f,4579446658405279087
129045,d51fed05cc47fccb,15357253863514569931
129046,7a4d89103e86d5c3,8812850748695434691
129047,18420fb6cdb4a650,1747976883182806608
129048,d525cb714c55337d,15358905791689339773
129049,08c125d5779f11eb,630827021573755371
129050,1c7ddb96eecd44e1,2053038446448821473
129051,a88038a5e8e5d212,12141766880618992146
129052,e1fc24a02142f16c,16283930622836273516
129053,673832e3878d294c,7437750737415514444
129054,fd0d8abf9e81a5f6,18234383021895689718
129055,7406045f9fe6c875,8360374567011010677
129056,674b4d20a5954383,7443127611772191619
129057,b552fbf55502f6bc,13065782500067047100
129058,90de49fa1d3dacde,10438862324872621278
129059,407a11289233e760,4646044831535327072
129060,3e3568b74d4f5056,4482604140602544214
129061,ccccdfbd3189954c,14757416082659185996
129062,f385abaf90908d47,17547620293652024647
129063,8e237c6b9c489758,10242166779195987800
129064,28f7fb750b9abb90,2952104560889084816
129065,b5e9387efc4193f7,13108070308487730167
129066,3879bacf1a8ddaeb,4069489136972454635
129067,18ad271b67e8e379,1778120426542130041
129068,10c347c6aa62148c,1207888043653076108
129069,3b5e02bc326f61a0,4277859703371817376
129070,06a30a233de5530a,478237131909976842
129071,d5c447f59f883ada,15403515745783003866
129072,bb1c5bf7cc7a1dda,13482752504286027226
129073,c578d17b8b6d49f0,14229353351227460080
129074,c1c586dc329515ef,13962714500031649263
129075,91e220ebc8bc33c6,10512000677293339590
129076,70079e13d0782e75,8072594665024007797
129077,b67efd54b5fcd282,13150226502240752258
129078,c3b8d87cf1acc8f1,14103260264252885233
129079,2f99fe85daddd878,3430052442075420792
129080,8dc1c45ef6acefd3,10214661341997494227
129081,7d0ad00576f29826,9010242726397122598
129082,e271dd017c28a5ea,16317065923387762154
129083,a6a08be19622d0c4,12006750407572508868
129084,e0c9e7cef1262eda,16197732410809790170
129085,00efa7835f4df460,67456702115345504
129086,cd95496099266760,14813827228540233568
129087,e6ad9c609d15b20d,16622113738460606989
129088,0fff14678f605cb5,1152662464649780405
129089,2d75d84b1e572f98,3275762121125080984
129090,43294a2a67253e7f,4839480820565884543
129091,0637eb5538b4263f,448085439202731583
129092,72cc6d0dc9cca1f9,8272106521560392185
129093,9a53aecfc394b1b8,11120424112270651832
129094,09330e242ca40982,662889118684154242
129095,545f2175b94e7b60,6079614811477277536
129096,91cc1ca3ecb01aa7,10505803521124735655
129097,cbe28a0879d6df76,14691456703444475766
129098,a995727ce9b65ce7,12219799044762262759
129099,77cd0c3f6ffae2cf,8632569527340294863
129100,521541b710dc3c4e,5914705940138703950
129101,1aa215425d1bd06a,1919119765987381354
129102,ad1b0bbe307fb8ba,12473576504418089146
129103,9498dd7d25f9200e,10707551643651088398
129104,7624694236096120,8513044928732422432
129105,535adbeee12ad0d3,6006354872078356691
129106,76190a1bd157cf04,8509844085485850372
129107,4d1e0215a1ae2858,5556881282151884888
129108,4faa4ba1f48d64b6,5740483834001843382
129109,7069860f1e7a1491,8100152804296496273
129110,2b02dbc89a2e82b5,3099281148211004085
129111,8984359c54d83ed4,9909104025676562132
129112,c3b6f6fed24fd55e,14102730857467860318
129113,5f2f3487a8e7ea22,6858758514767555106
129114,4378dfbb6c2d9df1,4861881793813257713
129115,de23a2a4b75135ae,16006816328938763694
129116,85057bd8371d2c17,9585203550495779863
129117,938432ab044f28cd,10629676730594306253
129118,70f650a847ddf67f,8139782060209206911
129119,0e2b47969a0a64a8,1020988452684588200
129120,4447ce0f75e6fe17,4920127683723460119
129121,7be43c1ab5ee429e,8927326446774272670
129122,e3552e802a283274,16381050347628016244
129123,00d283e8f0b34f92,59254781603172242
129124,b7cf677df49843aa,13244918819792110506
129125,572efe90fb112cd9,6282238428869373145
129126,aa011ad50f0f7a50,12250101963807488592
129127,295259d2bd88e5f0,2977541065303188976
129128,9113418c99c455c6,10453771232188061126
129129,5b2b023d16c5a53c,6569346942848312636
129130,2357a3d1fd457482,2546684236593984642
129131,d83067358c80edd0,15578064590762733008
129132,4d62eef7aca9edc4,5576282036159245764
129133,aa8af8dab99295e4,12288908151533770212
129134,437a8e909188da43,4862355499267971651
129135,493d47c4870971d2,5277453247752794578
129136,e6fc8dd92697bea6,16644334286649409190
129137,687ec73e3d8348f5,7529674697143961845
129138,332f21a9670f915d,3688203631301988701
129139,b372c036115dc900,12930608818586241280
129140,314148a9c2258347,3549197875288572743
129141,681b379957baab66,7501650736057068390
129142,7111d73bfd5f8653,8147529853543876179
129143,7e08b8d3e378bf0a,9081711868786556682
129144,a6afe162f0443d03,12011066546274450691
129145,a3c56fc2bd35b598,11800961280783005080
129146,69085d1806e5fcec,7568401531572452588
129147,105ea1f061e4b278,1179558206224249464
129148,f426b11102b1db8a,17592943680987192202
129149,41c74f0310b30c84,4739844007414402180
129150,7a80107dae6fc07a,8827073401629687930
129151,2afdf339fc95b720,3097899549077124896
129152,d734bda8aa8f66af,15507227949057140399
129153,ce5c34cc6a4430e1,14869818122231361761
129154,0f9b14710a898204,1124515007699714564
129155,3d05db25e4effbd6,4397161566998363094
129156,bb786d7ab4effdaf,13508667456086867375
129157,27ea5f627a99256f,2876216188597773679
129158,e0683b4b3732615f,16170239656308400479
129159,51adb3cb14ee9ef9,5885557972854021881
129160,55f839d9ac56fade,6194764894510185182
129161,94d68a07fea9d946,10724911329571363142
129162,08b1c93997f1bbf7,626503072380730359
129163,6d76ac04d7163273,7887680934174405235
129164,6cd64dcb272991e4,7842541336043033060
129165,64ae0567e04ad079,7254741993443217529
129166,f23937428b7a587e,17454042589798488190
129167,66c138b0fbcffaf0,7404261595163917040
129168,d6b57694bc56f9b8,15471402476088261048
129169,90337ebf17d44cf2,10390788124477508850
129170,a6cdb1184acf316e,12019457698414145902
129171,a3a5d3c045e67c09,11792064022099426313
129172,4f5230f61237f65f,5715684710512326239
129173,a505b340ae15faff,11891107481521617663
129174,eebcbfde3987735a,17202835637817275226
129175,07612aff8d2f161a,531753508080129562
129176,275a9f16c50dd57b,2835753835527263611
129177,2bb7c15f363326f3,3150199079044327155
129178,a66aad574af4308e,11991587548258644110
129179,1aecfc5b5b3e29e4,1940203008792865252
129180,aebcba47f4d47fff,12591143476434075647
129181,19dadc27a905bde2,1863043458768682466
129182,59a2c1c2f354c7ee,6458937858652948462
129183,033cd1dc18cc5087,233292023955476615
129184,839c162243b801eb,9483479251756253675
129185,2cfd9e3645aad608,3241921262710871560
129186,2065fa2dd5c845f2,2334547056628614642
129187,a7cd003bd017181c,12091320831453894684
129188,5230a8864b32d133,5922418804732907827
129189,f1e79f9fa65363e4,17431076390799893476
129190,dbdeb7c26bc64df5,15843302584795680245
129191,2a868170131c5f4d,3064278914829147981
129192,7fe2bcb7bd22722b,9215135284891644459
129193,2b9e108b95dacfbb,3142967781651828667
129194,840d63bf583c550b,9515371261173978379
129195,69976338420c7f0a,7608659188743175946
129196,70e4836c4ab49629,8134771328071013929
129197,dda30885c50d0d7b,15970618074215550331
129198,7ee778056c9fefc5,9144409533091672005
129199,298c385949dfd80b,2993829808437188619
129200,0e8976c343a167b9,1047498969365702585
129201,5109279746e428d8,5839241922545461464
129202,d392dd02d7a4a4b9,15245490692880114873
129203,02851e632b6c5ddc,181584771257490908
129204,413e2e8a4088bfcb,4701246232344444875
129205,abf5dc3a97852212,12391052093988086290
129206,58442f46f9b12cb8,6360260555637337272
129207,b7d30ea4010ebd4a,13245947026581929290
129208,77c580eb3d71b250,8630446008761954896
129209,5048ad68b9fcf597,5785064386665969047
129210,5eae13c0402f7b85,6822412201944382341
129211,fa130696eb0c694e,18019753779297806670
129212,9770768182163e4b,10912352195724066379
129213,16c3270980a5f129,1640197611059540265
129214,cb548eb8b6598bc2,14651492411727514562
129215,93e837e8a3c7d668,10657829990492001896
129216,a7ba1bb848c80ecd,12086003028311150285
129217,0ff1c38e028128e2,1148914394650978530
129218,33b0a0ea9840da2c,3724653821272578604
129219,27eb2e1bd74cc205,2876443484117320197
129220,c3412dd67c912dc3,14069577110118280643
129221,44a1436dc7e230b0,4945308004613501104
129222,f959535a699be26a,17967483836155290218
129223,b61a335c613aeff2,13121856936158621682
129224,ea8f99cde6008653,16901897036150900307
129225,42ed4498e58fd7e2,4822586199460796386
129226,ccc3493bb86f32aa,14754717325042070186
129227,441cefd748ec0b3e,4908061401847434046
129228,cd0bdf405703a1a0,14775148469949800864
129229,294474774900f7ea,2973629709646100458
129230,20182e00c79492ab,2312648989538030251
129231,cf2d6a03012bb007,14928704900940148743
129232,fcdba29d15ae15af,18220335513014769071
129233,609072f970fcca26,6958187839955454502
129234,6c91e44f4045f2ad,7823285056751137453
129235,c5d6a56de7e74420,14255763561948595232
129236,a4828f2fe18186f1,11854194605002163953
129237,646767d1b76de135,7234865476817248565
129238,40df32c43d19e406,4674510756653949958
129239,210ccac3ecdfddca,2381501245813677514
129240,94dad28cf838ea0c,10726116965437991436
129241,1d74162e940778d4,2122345713706170580
129242,dff4a32044defe8d,16137702723765075597
129243,2ad62f0c4d0866df,3086706324487562975
129244,12a396fea015c682,1343083134238180994
129245,412f1666c7a3dc7d,4696997567062596733
129246,7e79dada6bcd6e5d,9113555952607260253
129247,0cd6d379a82fd2a8,925159292937425576
129248,27a67fe66c725aed,2857111641251797741
129249,fbcb60d25a0ab4cb,18143701980362224843
129250,38963fb39fe7a49b,4077516553345016987
129251,a060922acfbe5af1,11556397356404333297
129252,ed69ffd57e644f6d,17107485951957159789
129253,02beb1910d9b4859,197790670207535193
129254,a159f0c57baeb0d3,11626588644007915731
129255,150a4fad812fb372,1516111831178916722
129256,7e5ed0286fd9d872,9105944368683538546
129257,ea12b7d9604290e2,16866745698706690274
129258,f0a15fbbc72303c9,17339245300457604041
129259,f6f7516d199eb142,17795781981600919874
129260,38f04b210437ff00,4102861865711304448
129261,ae622e6cc849cb30,12565656955068730160
129262,9614ea2dda689bdc,10814526087882120156
129263,3e9728ad394484b3,4510118276290086067
129264,bc136a87a07dff51,13552292834433695569
129265,7678e33c108e3b6a,8536822940796074858
129266,3e30a2163d29e9ed,4481259845632780781
129267,4ca854fb75b3af9e,5523758381958147998
129268,e01bcc5aa9a5909d,16148725578632368285
129269,da84a7a537bb4b12,15745894525240560402
129270,d5c37b5e784e727a,15403290796212777594
129271,460dd7f1fa71472f,5047928191641012015
129272,29ad8f4b83577d6b,3003214081014857067
129273,d51c01f3785a86b6,15356150974634428086
129274,09219705aa8837d4,657973071164487636
129275,6a667694856eb470,7666945795910710384
129276,28d7ada341dc6367,2943011798206145383
129277,d704f3c0d2fcab07,15493776627560393479
129278,ba9698b020f80ffa,13445101619795988474
129279,b38d9b0e2c0481eb,12938167789675643371
129280,2c5a06b12cc70729,3195874243603007273
129281,aeecd96161c6db2b,12604688469378652971
129282,39cc07a91a0203e4,4164712178278073316
129283,2c28a00463c9b5ed,3181969077451732461
129284,f72aa945cf568d30,17810233793686441264
129285,2e02f2555a8f7a4e,3315478724103600718
129286,102b1b91e0637898,1165055241954228376
129287,71d6a01bf5760a25,8202919813244652069
129288,3f9649e2d6b6e7ff,4581930909509806079
129289,f1b2a22d1d739d33,17416161023646473523
129290,ca8c12c28ffa35f8,14595061119249430008
129291,5a3467b61bc297f6,6499934194049914870
129292,c2c99f0ee038e9a4,14035924599917046180
129293,779f9ede599a1cb6,8619782889633619126
129294,2f665fe2e5d0a7e0,3415522795530004448
129295,6f5a41111fca16ed,8023797227917547245
129296,66d3b33ea34ae9ad,7409462893563537837
129297,4fff1135df5dcef7,5764344971135930103
129298,a9d6227c0045d52f,12238006953401767215
129299,ed57a45e4e021eac,17102318834905390764
129300,df191bd807610dbb,16075910959526383035
129301,e9c889848cbb1294,16845865608569098900
129302,ab385ab22cd957bb,12337710900484593595
129303,ee6a2e21970be9be,17179594450361117118
129304,08163784014f95a6,582714241888261542
129305,e7c6356c4832a4fc,16701095007334081788
129306,77fa7fdcc2821ddd,8645363020823928285
129307,b0b70d82df37c9c0,12733661327155251648
129308,2623cf7881634924,2748268314099927332
129309,732c3a517bd6b0c0,8299072334981411008
129310,337db0810c39e1ef,3710315736325546479
129311,4aabbf35c034c044,5380604417403043908
129312,f894f2b9d4d2534d,17912208497912730445
129313,2c2a5d9bddb464fd,3182459010711577853
129314,de5a90d4d3a7fbd7,16022277868082428887
129315,0274d5137fe47d80,177000565101067648
129316,683aa667023e7d90,7510498289943215504
129317,f195cd1d57587ead,17408045460573683373
129318,19b1332cbd78b114,1851317189076365588
129319,d63fd059e9296953,15438287132231821651
129320,9ffc440a4b40d595,11528163957164529045
129321,49cc7c3d2fcc0c80,5317761862254464128
129322,6c53637ae25c0aeb,7805691958598044395
129323,859e75d762524441,9628262621292676161
129324,fff6ff099ded9032,18444209740711825458
129325,01f0f2cb98d364f4,139878544704759028
129326,b93d9e5852c3d42d,13347998972778894381
129327,1831dc50a3d96ff8,1743416769673523192
129328,385035bf72d6d5a3,4057802360642524579
129329,1bf83dfab2ce45bc,2015428980199278012
129330,9f746cc82974c013,11489928156273754131
129331,83abb6193202fd28,9487877259315576104
129332,bd22e5b27b9841a6,13628707977117057446
129333,e33f302580041b39,16374859707762088761
129334,51885154c4a1d498,5875035138422854808
129335,6038962e315f4836,6933456751477868598
129336,bec59becfdfecf9b,13746564879794229147
129337,fce3a7ab5346d573,18222592871549556083
129338,c3c356fed8937c8f,14106214110409751695
129339,92d6cfe0d171c2fe,10580872939047076606
129340,1bbe4d5ee81519e2,1999120354615040482
129341,a3806d38bd4c5437,11781536715662709815
129342,629c78505110ab1d,7105686598436563741
129343,a10c2911070e0c43,11604695492936469571
129344,7e7c474090234cf9,9114238088512752889
129345,22b6ce52f4e8914a,2501413498742411594
129346,71274ede27f02ca0,8153572366437330080
129347,dc97c771c1fae660,15895392701227132512
129348,b3283c260a9572f9,12909634465941517049
129349,b5e6fa4331cdf0bd,13107438932013740221
129350,2da4fa26852f83c5,3289028671237489605
129351,8738e0b177038a29,9743784846626621993
129352,ce6a55cdca1d4e39,14873795061692059193
129353,8ef2612220c8707b,10300402096956534907
129354,b79383a2e47554af,13228061266158113967
129355,52d2b03a2d280853,5968026220131518547
129356,ee7a08276f545745,17184056293650093893
129357,5d335933263c05de,6715809545559213534
129358,3dd31076b052e00a,4454922558349959178
129359,e170118fd0628a2f,16244503165299493423
129360,2ef4a151314aef43,3383506590153502531
129361,794ab48a9400eab7,8739996534147443383
129362,9b8d8d36b88ab629,11208770313758881321
129363,e1f98a8279a2484a,16283198220725798986
129364,23843921430f3afa,2559233303275059962
129365,7f499b8dbbefe81f,9172033149162481695
129366,c17cb8ef5965a061,13942221884568739937
129367,ab07080aabe517a1,12323827747249264545
129368,34bc47a10e184dec,3799990942645636588
129369,e3d6bfb0e5a4c5df,16417520258113652191
129370,384dcb5e858a897b,4057122446158498171
129371,860dd34046750492,9659609048793023634
129372,1da6e012d7efa975,2136641444770720117
129373,2f0dd9bf7145f20f,3390605510742241807
129374,69927eaaab53f5ee,7607281992066135534
129375,80d55901fe1e180b,9283424071987369995
129376,44275458da4884d7,4910986659266856151
129377,0e96ff86eefd027c,1051308518037848700
129378,fe287d42dcb469cf,18314025610826246607
129379,759fe1ca112a2670,8475741281722181232
129380,7ddda2914ab4634c,9069583969501340492
129381,8786dca53242a0fd,9765735444070441213
129382,a6e6f8906937fe5d,12026573154063744605
129383,235f97956b4f9395,2548922582121288597
129384,ec1a4aa9f55105e2,17012992636171126242
129385,cfc86720ec90a404,14972330352298730500
129386,2024c81dfbd1bc8b,2316196139479710859
129387,2679f454619eff13,2772515688875491091
129388,ee878c34f6ce6d77,17187860661989698935
129389,0dd1fbe0971ee426,995853934652220454
129390,2cc9722d8045d74e,3227236147738826574
129391,879a531e48378334,9771213731059434292
129392,f4a9918d2990d32f,17629782251792290607
129393,01c1691872e3bd36,126497818270743862
129394,196eeea758e8795a,1832664500904950106
129395,b3752430861b6771,12931281695891220337
129396,49acd7248b386ca3,5308854612717497507
129397,cbd2118c02c31462,14686820627848041570
129398,fe25c9c04beb1a37,18313265287516592695
129399,bd4ffc6c2b147135,13641399337837949237
129400,d9596121f560cd0f,15661655977636187407
129401,e6cec0f33c86ca0d,16631442624850872845
129402,b1f873d1d528e63d,12824127283999073853
129403,cb4c0d90b52f7266,14649098603095618150
129404,aeaa5a0b8f8756df,12585971114339423967
129405,a00af03db37c7840,11532293943630526528
129406,20f944b73645e950,2376005832094902608
129407,eee8f52bb0e7f8f8,17215279143624112376
129408,82c131ee9f218ed2,9421866796377542354
129409,25e60e8ab7aac21c,2730886212996481564
129410,7f91235527172b03,9192167163074915075
129411,a7aa09e11820fd24,12081479812751883556
129412,d53e92f5f380d2f0,15365880563684659952
129413,2a4800aa676922ed,3046685879795524333
129414,e949c350a4b77c06,16810181835265375238
129415,3ab7ccf1f5e2c663,4231075714522334819
129416,d59f5c5ed65a6f4f,15393123613768576847
129417,77ddd4a32171367b,8637293457472304763
129418,61a65709803fdb00,7036407166130969344
129419,e06c29a52e855b15,16171346151407442709
129420,65d38f3e0ce57dfe,7337365714583780862
129421,c2990645e52325e4,14022245812061545956
129422,8e5f359a441aff72,10258977412857134962
129423,29109c4a0dc37354,2959036797054841684
129424,12ab302e7fd5312b,1345221889971532075
129425,860f6d4ec7b55cd4,9660059910858431700
129426,585ad53b8e942482,6366635475013477506
129427,c782cf7f2292dda3,14376281105467891107
129428,e6a36ff76379c3d9,16619250158243791833
129429,1bd8e82d41f6de56,2006608915071426134
129430,4b85500f86febedc,5441843752366685916
129431,1bed65cfe7156fb3,2012376552114057139
129432,436d2d70da65a9d6,4858589535726315990
129433,4e23f532d63a0ca0,5630613557834550432
129434,c6ef37de3743d04f,14334737566493036623
129435,903b08342230522c,10392909585092465196
129436,e4501cc61ec82e52,16451681076029959762
129437,4e038989dfe76224,5621487985148518948
129438,c75132dd147cbdc8,14362316611774102984
129439,1fcb663d63b0a218,2291037249299587608
129440,1e2544c82e8bac18,2172218021841185816
129441,360235bf694157b7,3891732124222445495
129442,7d802d17d5589a7f,9043277632146807423
129443,c8fef7cffa7b940f,14483285924302787599
129444,d159f83e01167c47,15085361372044098631
129445,ac76230d8f52c01b,12427158762921574427
129446,559c8257c074a440,6168948902993372224
129447,c68dba1b63d9fa19,14307296218028046873
129448,c92390a34f00c00c,14493587056887906316
129449,5ba607c2cc326eb5,6603974436816318133
129450,8d18a4c6b9078164,10167057332203651428
129451,31473bd4cd07306e,3550872616363831406
129452,663e9069f8c0334b,7367484825244021579
129453,ee1185e1e0a3d53b,17154639660813899067
129454,24e544b79b59f518,2658606710408213784
129455,e4e117214627a6f0,16492488742085830384
129456,7f041f2284ce60a9,9152474575841157289
129457,8de9152891a2ea63,10225727692907670115
129458,22b704d4f3ac1319,2501473430695318297
129459,a9447e5771c704f4,12197012604862268660
129460,1f117d8ef20df951,2238708542679677265
129461,6938c7a292a227c5,7582029473736959941
129462,cbbc2b63ead8ed3d,14680656593462816061
129463,3d6cdf9a624c87a3,4426158387965495203
129464,962fbb5a0c058f3c,10822074425017732924
129465,659f5943dc4a8100,7322669667121266944
129466,f0b96918bf4a878e,17346010994803640206
129467,e98f9a9b8d4192fc,16829840325387326204
129468,1ed91c429e0ec117,2222838963529236759
129469,45acba3bd68b9e60,5020592450776571488
129470,7a0efafae65a7fc7,8795243077814616007
129471,a63608ff72623c7e,11976770152267136126
129472,d4a894221a440600,15323660606318577152
129473,d25fed0ad3fd0635,15159095501514409525
129474,34e9799fdd831d46,3812712287068953926
129475,53ea9c2f3f4d8ae7,6046817176437754599
129476,77f2d2627303a1ea,8643201955155649002
129477,a78fc3c3a4ba51bd,12074084371053302205
129478,45e8155f60abdd0c,5037299682601852172
129479,69401b374ebe9239,7584091696850178617
129480,3ad3a3e6e4bda90a,4238911886361209098
129481,354552dc9a7f7084,3838565364841541764
129482,e3c9aefce098b63d,16413842718051579453
129483,37c2bd490f2e115a,4017981939052843354
129484,eb039bf29fbb6efb,16934550490207448827
129485,b0ea62e9d6bd2a2c,12748110451695233580
129486,aed1fe4b9b5b6a9c,12597129233414449820
129487,53e135dead71d03a,6044171405416845370
129488,45d0de87b2af3305,5030765458172621573
129489,66669605f1c8cc1f,7378749991768607775
129490,2cb845b8e204fbbf,3222402193751866303
129491,bab661aa2b7d66c5,13454048320317908677
129492,b4e08c13adf98c0b,13033571337761295371
129493,62e7ad4c084b729e,7126855477405381278
129494,6f09b1f5ca5b596c,8001121882220484972
129495,d2656c02cfe317bc,15160642479946143676
129496,7162ae2f3601d68b,8170284191796287115
129497,83950013851114c2,9481484674335315138
129498,cf051eadc98a629e,14917363072494101150
129499,3795b3a58183451f,4005304967039763743
129500,3f215184fdc174a8,4549006730255758504
129501,1e2be88579534bed,2174086905100192749
129502,3ff2835874dd8778,4607889784694474616
129503,a71e88e9dc830b55,12042212991643618133
129504,5449e00de6c960ca,6073631922796978378
129505,b69f946ea7499a55,13159399839173810773
129506,824023d3ce1dc637,9385541016043243063
129507,163cdce4008da0a5,1602398439256989861
129508,930c2561a3b42fb2,10595885124584484786
129509,042858dfd3902ff6,299587093570531318
129510,6d93f7880a72190d,7895926735373474061
129511,e0a82a4697501331,16188235343257932593
129512,06e3cbf131feed8f,496464620727233935
129513,7796f11a67e6066c,8617340032734594668
129514,8c79ac71575b4fd2,10122311240288784338
129515,bbf92774f9f678dc,13544900737656846556
129516,c389b0f6bb53aa10,14089987482956573200
129517,d5fd2962f7703d75,15419526204221308277
129518,de495dc98c40ee93,16017436669942754963
129519,12d67ff233f0c422,1357413015929013282
129520,69840e1d2e75cd19,7603217589404552473
129521,d4dd486ab6aae306,15338495529062163206
129522,e615bef5dbd9c814,16579367566399096852
129523,79e70258abbe60dc,8783992178071199964
129524,6b42497c5d2c7714,7728820709009159956
129525,821eddf41bf86ea0,9376175514742976160
129526,ef14fbfe9f303249,17227671545609990729
129527,ccb475b92f6f99a3,14750544117770459555
129528,8b7f882c3859fbbf,10051902616819596223
129529,d4451cd64ba4f945,15295663416151439685
129530,b99a1e2abbbbc51d,13374035212317213981
129531,6e1660397e17c828,7932633593704597544
129532,ce6be6c3f74dbdb0,14874235923663273392
129533,da0c600ba6aa753f,15712038803145913663
129534,86a4fe9233646d15,9702159401143790869
129535,fccb0f26476a1cd4,18215669774911413460
129536,cb0960af5bf988c4,14630331170768390340
129537,6744b5170f261716,7441271594965931798
129538,a94fffe1449f6d2f,12200251258553986351
129539,21bdcd78660f1e26,2431325290841972262
129540,53c50eea9fbac70b,6036247276424972043
129541,24d2d2149f7befd2,2653414116491522002
129542,fe4dcd97fce67be5,18324528511507135461
129543,2b0f798bd1640666,3102832309701969510
129544,1d4f1e69532ad031,2111940187975766065
129545,22424b8113059292,2468618563494449810
129546,1477d69fc5478b8f,1474883384685071247
129547,6412cada86f35c43,7211048993289362499
129548,1a52568aa3c0891b,1896673546529179931
129549,cde96a730b3d74d8,14837507489691170008
129550,81824ecabd445273,9332108010530820723
129551,bc18fd50e71a37c6,13553861602487973830
129552,3b9b9af1b0f03868,4295197032474228840
129553,89b54bc32a2d1f3d,9922920655579062077
129554,20f03a554345d9f7,2373461141499533815
129555,37968106755aaebc,4005530783331299004
129556,48aade78bc34c1d1,5236242126906638801
129557,aa99c573926f9e74,12293073758053178996
129558,af00e9d7becb8531,12610336069465638193
129559,b06611b51a33a2f3,12710866467826148083
129560,b3f37a3ee6196138,12966842162696773944
129561,8184bfd538f22294,9332795250322842260
129562,aca5d2d6560a1f6b,12440581363689201515
129563,9d189d1954f8558c,11319970395521045900
129564,b905e5315262a5d6,13332314271898576342
129565,b026af27d8fd14a5,12693025185469371557
129566,ba17b30365c4781e,13409383242692589598
129567,deb464a152f84325,16047562016272433957
129568,45470b9828156d94,4991971460098911636
129569,53503947bb5f3320,6003361283533910816
129570,884b0b826d28eea0,9820956067216551584
129571,6e14ea319ea346db,7932222342542083803
129572,7e91b33019c24dc7,9120267739573931463
129573,285ac8e796c80e4e,2907857406413770318
129574,7ec5b46433197958,9134905761637955928
129575,2808b2e79af328d4,2884752269137619156
129576,0f99f332b14dd7de,1124196981054232542
129577,1ac0701ee3856ab8,1927663918483073720
129578,ced8b514b3698046,14904862067296665670
129579,3d874747eff70c71,4433590732463737969
129580,23a6f2725701afd8,2569007210361368536
129581,5d3c2ae6a3e48183,6718291914210443651
129582,14cd5ee8b6e398db,1498958604578035931
129583,6a894ae539de5a9e,7676749388208560798
129584,33429d2fcff05d15,3693687473074887957
129585,18d880d52f12c8a5,1790322504985921701
129586,a7ba39714196dfc2,12086035708596641730
129587,28e688de54780e8c,2947193494641839756
129588,cdb240cdcb5ff039,14821980576254259257
129589,0d46cc9993d73a29,956676930845227561
129590,a9e22f1e9d9343f9,12241398545685627897
129591,61465f7b08406a86,7009394852072811142
129592,2e366a7ff62676bf,3329966072310167231
129593,c73dfa58a8726696,14356906445817144982
129594,ed730b41f5dc3501,17110031787236275457
129595,c7b0f9c533a5922a,14389275434819097130
129596,9d4d4fbd8d95feec,11334803512704237292
129597,7b22d79d3bc342aa,8872891286185788074
129598,601595732f67b4af,6923604324101108911
129599,e9f40b9e19e20f1c,16858112078821592860
129600,05a4dbb11a4404e4,406691420066546916
129601,5f0cd7a724825766,6849086246195713894
129602,f05f10305b19240c,17320580491763065868
129603,0fc715d34faf1d63,1136901428253498723
129604,9a0e7bf1595c3756,11100946408031401814
129605,609100525d5220c6,6958343253017108678
129606,b07331df2597ae93,12714561007475207827
129607,741b6b8388b1ab7a,8366398945449061242
129608,4e778349ee25b132,5654132210738245938
129609,aec182edfb62d7a6,12592489991741036454
129610,3e0ca0da0e8440db,4471125388478922971
129611,2ff730b93c5355ee,3456284811169322478
129612,80bd6444d6515e3e,9276681054269300286
129613,bb9eca39e324a2f2,13519465481385583346
129614,92f65f733ba87598,10589756522335073688
129615,6768c166366571c2,7451418228227928514
129616,54999b620459d732,6096074415904773938
129617,e71f0b41975a87f6,16654042323379455990
129618,9771481dddfb2eb9,10912582665210900153
129619,ae3b3780d02d54d5,12554689412613362901
129620,9b462944e34231a2,11188675700095857058
129621,e1b0d603c94109bf,16262733566184589759
129622,5f3591f25dd5dd78,6860550077511228792
129623,65970d88e725265a,7320334600958715482
129624,6231b6e816d6aa17,7075637597507594775
129625,934dba75b0011164,10614344911408927076
129626,981034ed61b9044f,10957316087543825487
129627,29830b2bc0e5d781,2991246860051928961
129628,ce8be937bad6c7ae,14883245819143047086
129629,7d8dc402f1079177,9047102743369978231
129630,4e770bb1695150e0,5654000713791000800
129631,05c9de1361b85651,417108615333697105
129632,1b42b1775c15c4ad,1964327513691112621
129633,b5c13a83316351b8,13096813526513832376
129634,da3cc3095b76a716,15725658443827554070
129635,611f4d412929a406,6998397288215847942
129636,7f77c48e446bcb10,9185026080357731088
129637,194f564b1dddba84,1823771254731946628
129638,13da5be6063e7aa1,1430556875148917409
129639,40a424a7e8a6ea3d,4657888218189326909
129640,23541aa3db5ea3f9,2545688980433576953
129641,e590b86ab8433406,16541924199829287942
129642,85b20f5d1c5d3867,9633779445481158759
129643,05fa40644954ec2b,430727513838513195
129644,af8c789b2bcd6342,12649618061227025218
129645,c786fa13027bc7d7,14377453819979876311
129646,f78dfb06d0fa8e7c,17838189705778859644
129647,5e1a3738d1a5f8b8,6780792906134714552
129648,1d01021f4df32329,2089954035551642409
129649,0bdde4110774f940,855090266060945728
129650,fbd6f9fb5da622ca,18146966606539268810
129651,87fc95c4321775e0,9798871559137883616
129652,9aba45b978b9774d,11149300490405771085
129653,170ccecae5ce7fc1,1660929733427101633
129654,6a46b45d61fe2fdf,7658006529559113695
129655,cbd60b581d10884d,14687939707788101709
129656,3c3e77089a04ed2a,4341037969659194666
129657,4940444c76811057,5278293858474594391
129658,0e9a2e336021adb9,1052204261135461817
129659,901033f419bca854,10380854264585824340
129660,71c97b23e84d0dae,8199219990756134318
129661,05198523e28a1928,367471233778456872
129662,cd3cd6ec407e9c2f,14788931586560531503
129663,1525ebb40b8f93dc,1523883207455380444
129664,09e3d555e27250dd,712647730902749405
129665,80333b482884dcb8,9237792441770499256
129666,e33a9dfd9f2ea036,16373573107881779254
129667,9c563932a9053028,11265254407660711976
129668,2a5a8b1484f69381,3051904617743291265
129669,66ea94e9c1c0266c,7415903468117829228
129670,db362bb061891b31,15795860779599207217
129671,0acabdf9b94f81af,777642765928333743
129672,cffb68d305fe7a57,14986687440553409111
129673,3ea63bd2b2caa53b,4514361452614296891
129674,50f31b0534a50e08,5833035651546942984
129675,7c1bacb3346576d3,8942931370752440019
129676,50868ee1f4c07966,5802482271038503270
129677,1e6bb4817fc15240,2192044111933035072
129678,b809c63425327f2d,13261348505033801517
129679,c00dbb90b54d2fd8,13838923460170821592
129680,6a6d1edb67228089,7668819668158808201
129681,e26e2f4696ee4455,16316030480236299349
129682,6a34ec3d774894fd,7653001415547720957
129683,b99be1029506e173,13374530919613260147
129684,a176ab810ce3f09c,11634675258113650844
129685,ee95d30f25a70ce3,17191879214566411491
129686,29e1860b75266773,3017840609083156339
129687,4e040e7dc22703e2,5621634168156259298
129688,4de7d1309dcd8f07,5613685467276742407
129689,577df9a3b7a1c3dc,6304469534944379868
129690,60d457f1453a25b7,6977298416463914423
129691,330bc0ee550b41b3,3678245650539692467
129692,5af29b0f6cf2efa4,6553470898332168100
129693,3c2e431bf2688e57,4336477278514482775
129694,6ca02771507dee50,7827299520005140048
129695,bda3fe99b4718f94,13665045630483009428
129696,102b823a09312880,1165168114379335808
129697,ab65b8cf57095b6c,12350480753791425388
129698,ec68d6c1f065c8ec,17035101718979135724
129699,a350fe118131fd83,11768185177454542211
129700,32672fbba974a448,3631924107545977928
129701,ef18774749969c81,17228651522566823041
129702,afef44b2cf0e4c64,12677427010839923812
129703,b7315534f5b02291,13200425668748255889
129704,98e8ffeb706a13a6,11018337875030315942
129705,7b403a5643b4bb73,8881162607352134515
129706,a58adb538b99df23,11928587714915065635
129707,6c430d10d5ac63ca,7801093345491313610
129708,fa301ea60d53f567,18027943006901106023
129709,62c3501f29425a8c,7116619930941938316
129710,cc6f3eb90ae87479,14731061870625059961
129711,91b2d6f101604d52,10498690011952598354
129712,f5181fb460fc4332,17660900798315119410
129713,7222dfcffa2923c9,8224381953880171465
129714,c996aaf52b2bb605,14525985618098107909
129715,6207dd54b06f5657,7063857896360990295
129716,3efbfbf08dba7fd9,4538498060094439385
129717,adf13d144b254534,12533866395318175028
129718,a02630f21840fd66,11539964911530605926
129719,3af6ec0f02fb7bc0,4248842847689341888
129720,f4abbe0776c10815,17630394105538349077
129721,92c0dba1f59bc193,10574693413722767763
129722,b5de25d6940ef286,13104953569231958662
129723,92edc1804c535fc5,10587331055798411205
129724,8c2f5ce390d06179,10101394621672219001
129725,0e5d7f21a8dd186f,1035123271908792431
129726,cba464d69d63df32,14673964358806265650
129727,0e3b41d07c700fec,1025485703853641708
129728,85113e8503bfa3fd,9588513822662960125
129729,3dad450830b96538,4444284308764058936
129730,7da2ed5be44f1dae,9053059179896315310
129731,8dfa941a735c4b0e,10230652344850991886
129732,3207cb0944e77214,3605073267404534292
129733,e8678c18991fb9f8,16746507776676575736
129734,39a651dd8cf886ed,4154097718290581229
129735,1bdfbb5cf251987c,2008529966707349628
129736,f9f1fb33f446d525,18010452585391510821
129737,4c5203ac97bc536d,5499462134787756909
129738,2936e9232bbdac5d,2969817341564398685
129739,8bf967d542cc21d3,10086207006119305683
129740,596b6b7e081b5b49,6443361880929688393
129741,fdc4345270397ee8,18285797915705835240
129742,19d01df91fb790c6,1860019601920200902
129743,418731fba5f9dbcc,4721797691212422092
129744,1ef1c9dd00abce13,2229785241561320979
129745,736b647d5183c195,8316851626271031701
129746,e55961e661ac15be,16526347949721785790
129747,4bb71a9f4d854b46,5455858745085348678
129748,c0f8b4954e608077,13905062402864480375
129749,8c1ab0a744aca969,10095575747162581353
129750,3f12d24de9c700e6,4544926206046699750
129751,143814345fcc7385,1456936694632444805
129752,a77d06f85f574c6c,12068810240244010092
129753,b75752669172210d,13211118632394957069
129754,88f8e920255eea93,9869894907657644691
129755,f89bea9efe6ba06c,17914169911390478444
129756,41b31b7c6524c94c,4734157854383327564
129757,13c2122fc54f7041,1423720428585578561
129758,9859dca120665cf9,10978048151283719417
129759,62ec6f5617de67d9,7128194725778974681
129760,6b9561e144d41e65,7752209953738464869
129761,bfcba175a98ebfc1,13820317408244449217
129762,fdb9faed5302e716,18282920059494131478
129763,630782560248e9bf,7135815440508971455
129764,7da0f4443012f679,9052503824716199545
129765,085cf31331c75e38,602623713925881400
129766,dafe02b8433461d4,15780053134777541076
129767,9775563041f5bd71,10913724037267307889
129768,412bd886ceac85d6,4696085109968504278
129769,91a484bbe1f95b33,10494658974165064499
129770,0cc183c5a4fbeb45,919160683860060997
129771,8afcd42ea42c81dd,10015112968153104861
129772,05e302fc29d75f0c,424186071959953164
129773,12e6cd488a8f22a5,1362001648772129445
129774,a78a0bf0612c12dc,12072474878170370780
129775,474376bebc280606,5135078561705100806
129776,c5d92a89e23ad34c,14256472867112407884
129777,6d78323136734a73,7888109934287735411
129778,8735468241e2204e,9742770894150967374
129779,67331d329cff054e,7436319512938349902
129780,b592926c7bfe9e7f,13083680862099119743
129781,3b57ab016039d2c8,4276074393609294536
129782,3a00316f3f66156e,4179394808074605934
129783,1118d654503dd565,1231970155697657189
129784,14c10329de423a69,1495480029621140073
129785,9a63146ad07222d9,11124757953531486937
129786,a0d6fb6f7521203e,11589727147209596990
129787,5f5957abded452e4,6870619102219883236
129788,535182dee352e0eb,6003723672069791979
129789,7064f35cc9f9a992,8098865609770117522
129790,17dcb845226bb908,1719451764818426120
129791,2ac248ca949aef4e,3081105129988616014
129792,7ab693eb12866ebe,8842417556225945278
129793,d718cf4aa99c4f72,15499366037175684978
129794,c2dd5c5170770793,14041480718060029843
129795,8d1a6ba34c9c85af,10167557457851483567
129796,34a5d3537751777d,3793670616567084925
129797,8f9466e4f818c2cb,10346007377577820875
129798,96648420b3d4cd5f,10836931879351143775
129799,5b828a8d07bbe51e,6593985142748603678
129800,79e26c65f2578bdf,8782701408439208927
129801,d8bab245e037d276,15616990671044858486
129802,eb4166691ed4c737,16951943074074117943
129803,21f3927f7ae5b486,2446460098812687494
129804,4887df9605dc76e6,5226391728023172838
129805,85aec9c7db62a807,9632858513208420359
129806,7f8ffb4522097dea,9191841638828834282
129807,b91f594d8062c485,13339478810696008837
129808,3217800742ec4819,3609494395036649497
129809,dec6dd4a1783aca3,16052761232100535459
129810,589a42be2e359742,6384488806337582914
129811,0e3cf3df4c129b7b,1025962955513174907
129812,30b3e236d77cb36b,3509397259823133547
129813,b0f68b8692a6642b,12751532805048394795
129814,e440148e949abc1f,16447168441768131615
129815,107c8b04507e4189,1187977252365549961
129816,74c24f87eea6cbaf,8413374499124595631
129817,80f76c10636339cd,9293015173745031629
129818,663c969b2198a0d6,7366928683499036886
129819,ce816d43cf3c033c,14880294781815882556
129820,a7bde30ee7eb76d3,12087066628092294867
129821,6dc4a4ca7bf7a41e,7909628035139609630
129822,585491b20a72edc0,6364872367246863808
129823,e193425fd99e6efe,16254408459550617342
129824,563c120f7d2312c7,6213861443597701831
129825,cac2c5bf55395925,14610457566702557477
129826,2ff5e8e735c844be,3455924368814130366
129827,3e1340297733ef87,4472989401746763655
129828,f2609b89ec7f6685,17465130371623380613
129829,3ec07506e579828c,4521742698360177292
129830,f205efda6f06bb2b,17439608853506734891
129831,9e7b1eaafcceb071,11419754999862702193
129832,1d2d3263dee9387f,2102392005574867071
129833,b6f82aa38908de57,13184334790994222679
129834,b28ad98eae8d3736,12865334492374316854
129835,904a2331003e8c07,10397161383102680071
129836,41f07d0235de4500,4751435055323038976
129837,29610497270cee81,2981669475537710721
129838,1d59357b955ec32b,2114780304930423595
129839,c0c0af87d1bd9bda,13889294248684919770
129840,36a9018cc8d5adb3,3938681053288705459
129841,c72beea88472a661,14351827045090240097
129842,6b23d148dc5d21f0,7720244297108103664
129843,4299cceaa10132fd,4799092186035598077
129844,dd299ed0f1335093,15936443376664268947
129845,6d7c39941a436ff9,7889243955504836601
129846,8c61fba00633c559,10115642902768239961
129847,f16a5a143610f3c6,17395815553524888518
129848,ad27900efdb425e6,12477099686713632230
129849,71049f3812b90baf,8143809089373801391
129850,d11a885698926532,15067505408829711666
129851,e4f1f6bcd7767767,16497238200963987303
129852,cfc2e7962b1d952d,14970782743487419693
129853,a8c56410782a7eb1,12161236390682197681
129854,c6d6678c95eb7515,14327753118034130197
129855,b9f6c7eb98dbc4b1,13400117555983271089
129856,5b98cef4e6b9e23e,6600252805149745726
129857,9d40d4cf362a69d8,11331290648896235992
129858,600d2ec9e3027fe0,6921239646970216416
129859,6d9bcbcf9238950f,7898130463896147215
129860,6dc108d5973285ba,7908612134097028538
129861,b890cbdaf7de2c08,13299353840946916360
129862,0a346886ced3a8ca,735327567373117642
129863,5325e43d0c6bec10,5991445830138850320
129864,4138462a9ebdc0a4,4699583360026919076
129865,1c8ef189ff89f38f,2057847654754939791
129866,4c073725e21d36d4,5478408107566380756
129867,3c43aeba88c1d67b,4342506581896844923
129868,709747640bcc6e0d,8113031748751486477
129869,318b09e6b6578ece,3569958016127569614
129870,77346669bac1b422,8589602993593234466
129871,170dd0fc18ddb277,1661213618737099383
129872,bb8aa7d11b406786,13513798148425803654
129873,8de4e4541031513b,10224548103737921851
129874,d19ead1c60071773,15104700537628989299
129875,374d226b3338eaa6,3984879089108970150
129876,62424470639ab194,7080296813677949332
129877,a4b99a2419fd94ff,11869687772757202175
129878,d150dc59127840f1,15082797427183862001
129879,f80ab89355178cc7,17873301014100544711
129880,34b5731a33ffa5dc,3798068417135617500
129881,e1e75938d5b31488,16278077478792270984
129882,24f373411227e9c4,2662598528020769220
129883,d9e59c1937346d8c,15701127308011400588
129884,73e8099be896499a,8351936074185329050
129885,21a95715bada7056,2425565625156530262
129886,1d7c986d188e850d,2124740718542882061
129887,c09186356b764357,13876019490899510103
129888,ef715af55cdc2d06,17253671657304501510
129889,cd06fe84d74a406b,14773775474136596587
129890,6b31a7e5e6e54997,7724139441780246935
129891,58d32a47dbff674a,6400505983545599818
129892,7c6b355621afc3e0,8965318127259730912
129893,d47717ec0c188425,15309731760851944485
129894,9cf10a87808a6607,11308831716397442567
129895,0aac3728a8c5c34f,769050284143264591
129896,c7833c3332f3f325,14376400626092602149
129897,e2c5ce122fa35702,16340693400487679746
129898,23a7a22c94f92ea8,2569200424799776424
129899,c847d7903f46b0d9,14431740545468903641
129900,601f12712ab7a867,6926275029176395879
129901,662676b89ae7a469,7360701176228586601
129902,ac29746443fe088f,12405574622555015311
129903,1730090cd8806739,1670845412531005241
129904,2ade1353dfb4136f,3088927645379072879
129905,f62f4e2f939413dd,17739483423482057693
129906,549b7adb5592256c,6096601603028165996
129907,6f307b8f26eabf62,8012039591855570786
129908,9fa303cda38f1cbb,11503042054981622971
129909,560dfd114b2c4bc4,6200890512676506564
129910,cf6292a7d257a49d,14943667763054879901
129911,a3e3f5282499d95f,11809552200657131871
129912,74b612379db0dfb9,8409929384239095737
129913,f43cf6e92d3dee10,17599212925203901968
129914,1452482b27891165,1464312179032920421
129915,0d6ab318f40eefb0,966781989779599280
129916,78b8cb58e00fc3ca,8698926262842803146
129917,18550ab66463c7e9,1753319408415262697
129918,8acaf80f7b5c0d41,10001078667907435841
129919,3ac2670c33125e6a,4234059901775797866
129920,5d24daebd1212d84,6711730051049663876
129921,b9fa0be126df0a1a,13401036702842030618
129922,69dbf7814c2fbc65,7627962528583105637
129923,45e085ab7bb638b4,5035171354961655988
129924,fefed61d3e1b14a2,18374358950802560162
129925,8161129ca9a1489e,9322753167703754910
129926,324513b774b46a19,3622323153947355673
129927,2a18a4e42dda38da,3033355648962803930
129928,fde4e6b63bb8201b,18295001256646156315
129929,adb00649049de3b6,12515510275142443958
129930,358f7cd04e40a787,3859440639787706247
129931,29f7faf46db60d8e,3024161602522189198
129932,4ff7e7390938cfd0,5762328480397709264
129933,f6b5638bac3a3b1a,17777224555656002330
129934,c6949506b2c5ddc6,14309225772064562630
129935,5154111183ae0c66,5860327782037195878
129936,1a024ce254f889e2,1874144929911441890
129937,cee5986690f16d9d,14908489707765722525
129938,8d4ff0e447140771,10182622145743685489
129939,b9d2a2bc8944f072,13389943572766453874
129940,1dc8bb6b31b8d237,2146171291512132151
129941,b76f2d523ef7d5e0,13217833262622692832
129942,83e291f504d02333,9503318645238932275
129943,9f93d3936d91236b,11498766903758889835
129944,6342942b2dfa1f7f,7152442071393640319
129945,2f0dd96ad0600f5c,3390605147265568604
129946,2120e73267ede2d9,2387162006184387289
129947,4842e30077a6f1f7,5206973710340649463
129948,ea9e34965f48aede,16906007871643758302
129949,378de4caa4e6575f,4003107202803324767
129950,42ea9af2ab8b2c14,4821836718104325140
129951,348f3d01adddcb36,3787312889063131958
129952,dc5b1028e929c995,15878302679121381781
129953,76fd418113699a6a,8574081288215566954
129954,a3afcd2939ee3905,11794871526055885061
129955,3785e39ede9d5981,4000854115467745665
129956,0b9c8bbec4f98f02,836697282248806146
129957,4cac32550994c750,5524846183691110224
129958,46105f8c6bfe4957,5048640238994213207
129959,705775aa6713d399,8095068229955998617
129960,68bd9d63132bfe54,7547361599391792724
129961,ee8f733921cda4ce,17190084991913927886
129962,bf39e53d4aa25ea1,13779296586324663969
129963,d58cba042a8eff07,15387878553874792199
129964,f27571fede150a97,17470995668915260055
129965,3052e02e5c55dd51,3482091951633063249
129966,929863d945ed7632,10563302710829741618
129967,c12c987820851396,13919668190004450198
129968,a06bc4efc0027bfa,11559549402574126074
129969,68a5572166dc0b66,7540528952072997734
129970,b58a32eddfe56928,13081324064896018728
129971,459e5590d5eb6454,5016541115489936468
129972,221a1c0bbcedde19,2457307383423950361
129973,e1abd204d9b9c8fc,16261321797825841404
129974,e87b5bf7a20f0137,16752084358068633911
129975,00f74a6a098ad8eb,69606138534615275
129976,d83db609ef6cd306,15581810439559631622
129977,efafc25e8628d895,17271236807222679701
129978,e211419d60cea547,16289873471365621063
129979,eefb41b378e11b08,17220429839264193288
129980,03bb2fe27ff21b99,268861252614364057
129981,edcb77ac4c5f559d,17134920789160580509
129982,b3f8f0123693251b,12968379088029033755
129983,13acebed7a83e108,1417767387910103304
129984,233ab80a0cd5690e,2538543693281192206
129985,dc9d6ae8741d3b8c,15896979806300748684
129986,c3f67de61dfab0d8,14120612108965687512
129987,aea5c639cf64606e,12584682685351616622
129988,8769d823634ffcc8,9757567714176531656
129989,db1c498c478c8316,15788575260498756374
129990,fba4f8a51fae77d9,18132891387785279449
129991,4e536b1b0e66e4d3,5643972521975276755
129992,aa89fa5745f9be1a,12288628311000202778
129993,c2bf619259071b37,14033042245096512311
129994,8ac46dccf43cc129,9999237799707722025
129995,68df67a8ba06243b,7556872674124112955
129996,eb806dad1ad54826,16969683986178983974
